"","Sets","Train_R","Train_RMSE","Test_R","Test_RMSE"
"1","1",0.525364672503227,0.809903467820083,0.00908772728337511,1.1480992944188
"2","2",8,8,8,8
"3","3",12,12,12,12
"4","4",16,16,16,16
"5","5",20,20,20,20
"6","Mean",11.3050729345006,11.361980693564,11.2018175454567,11.4296198588838
