"","Sets","Train_R","Train_RMSE","Test_R","Test_RMSE"
"1","1",0.481364867637384,125.073174562862,0.224452866127998,203.940056192703
"2","2",0.392521031503772,136.220501830288,0.31686476909859,162.910026552987
"3","3",0.50219684745503,130.396675940301,0.007559055290562,210330901540520
"4","4",0.467804421506045,120.15979258572,0.520624496491369,145.985566540312
"5","5",0.503190258335905,125.466729606762,0.322747613894438,134.355243237119
"6","Mean",0.469415485287627,127.463374905186,0.278449760180591,42066180308233.5
