"","Split1","Split2","Split3","Split4","Split5","model","time"
"1",0.191567864464819,0.177598167858977,12,16,20,"1",0
"2",0.196607458543274,0.189313689409294,12,16,20,"2",2.75310311079025
"3",0.449704505120583,0.479203922240373,12,16,20,"3",3.30853965997696
"4",0.525831765111844,0.595236551212387,12,16,20,"4",4.87690016349157
"5",0.542434437649182,0.601916663739543,12,16,20,"5",6.42165762027105
"6",0.530481094729478,8,12,16,20,"6",3.44710095008214
