"","Split1","Split2","Split3","Split4","Split5","model","time"
"1",158.675775440244,8,12,16,20,"1",0
"2",157.422904656504,8,12,16,20,"2",0.696449042956034
"3",132.807072310123,8,12,16,20,"3",0.928733766873677
"4",119.005674429717,8,12,16,20,"4",1.34474590698878
"5",116.851720255288,8,12,16,20,"5",1.69374613364538
"6",4,8,12,16,20,"6",0
