"","Split1","Split2","Split3","Split4","Split5","model","time"
"1",156.466894324746,8,12,16,20,"1",0
"2",157.591837026948,8,12,16,20,"2",0.696449042956034
"3",140.71417200139,8,12,16,20,"3",0.928733766873677
"4",149.135057602987,8,12,16,20,"4",1.34474590698878
"5",154.799558741541,8,12,16,20,"5",1.69374613364538
"6",4,8,12,16,20,"6",0
