"","Split1","Split2","Split3","Split4","Split5","model","time"
"1",0.181190110441791,0.174098812244995,12,16,20,"1",0
"2",0.178296304698531,0.169957270899074,12,16,20,"2",2.75310311079025
"3",0.372426348207374,0.357741961219784,12,16,20,"3",3.30853965997696
"4",0.362012602793198,0.3113913318654,12,16,20,"4",4.87690016349157
"5",0.279781939979107,0.363175350412221,12,16,20,"5",6.42165762027105
"6",0.278055613695195,8,12,16,20,"6",3.44710095008214
