"","Split1","Split2","Split3","Split4","Split5","model","time"
"1",0.295429097634078,0.361556650601257,0.21861703653005,0.478559884957768,0.528353211759975,10,0.126666666666667
"2",0.35249986852984,0.407783342290606,0.241998480305534,0.564222443755529,0.550294419229086,50,0.311666666666667
"3",0.415051704841406,0.451256516600923,0.225159890074853,0.524388061429215,0.56027296221018,100,0.51
"4",0.395818070362267,0.462221838355228,0.234008811198297,0.523843514265116,0.568493221926027,500,2.4
"5",0.388303518701339,0.452651979698513,0.246946622961808,0.516697182623546,0.57293194209481,1000,4.67
"6",0.388145110576468,0.457591571459226,0.230661365421608,0.535082406186724,0.550265305009159,1500,7.04
