"","Split1","Split2","Split3","Split4","Split5","model","time"
"1",NA,0.0354348148038826,NA,0.0197187415186434,NA,0.001,0.251808393001556
"2",0.199384624984356,0.267952314077217,0.250088615138859,0.288509033894451,0.332018709203929,0.01,0.975830143292745
"3",0.140046191661126,0.274899166225769,0.305483636793244,0.459988277323207,0.337457444243057,0.1,7.63623995065689
"4",0.122111911766642,0.270237094073281,0.312389992011606,0.373645749199858,0.343138404230289,0.25,21.5623768440882
"5",0.0998328413699134,0.276651204865776,0.32633646278095,0.41073649347046,0.342346470125498,0.5,45.0374883588155
"6",0.0934636793091475,0.279445003924087,0.323207021012954,0.40030556941045,0.338109520048226,1,95.4300189304352
