"","Split1","Split2","Split3","Split4","Split5","model","time"
"1",144.015956306252,123.348467431126,138.628383667934,138.857490857674,154.123078467085,10,0.126666666666667
"2",144.101082175158,122.035012072014,135.487797876138,130.615997448324,155.439156561763,50,0.311666666666667
"3",136.413801441436,119.612089078055,137.809367039616,136.371847844126,154.015524974103,100,0.51
"4",140.510091008429,118.467389447916,136.723670166164,137.202792748627,153.079467755191,500,2.4
"5",140.945687642637,117.321276573222,135.088737493795,136.922667270295,158.456731801531,1000,4.67
"6",140.469171809261,117.7398195253,137.444898492309,135.889551884211,153.524033131958,1500,7.04
