"","Split1","Split2","Split3","Split4","Split5","model","time"
"1",161.609605632274,151.604190938101,155.369899558301,171.410989470555,196.803392069723,0.001,0.316666666666667
"2",146.888988324921,131.772024252076,140.268473281026,148.488304454101,171.142294926721,0.01,0.4
"3",136.917896352542,122.289710574909,138.230941370824,135.225273608346,162.030050846314,0.1,1
"4",136.213697664404,115.796870544447,135.693923998952,130.617783019557,152.772056548262,0.5,6.7
"5",139.399635845071,116.076024582806,133.592585477587,131.001492097976,152.493652732633,1,22.65
"6",139.086098396737,113.3275371756,133.070695750223,131.387046087709,148.760498491986,2,77.4
