"","Split1","Split2","Split3","Split4","Split5","model","time"
"1",0.129690444240766,0.148728896124329,0.154882969407612,0.165175838104692,0.329158367073811,0.001,0.316666666666667
"2",0.33500030762284,0.318460375526737,0.189698227286165,0.494911387910046,0.478144327070719,0.01,0.4
"3",0.451459390000234,0.432780919675123,0.218957333525046,0.526382827616561,0.553731299699757,0.1,1
"4",0.417490704376688,0.463764503754408,0.245405079322136,0.557218388968677,0.595100426828759,0.5,6.7
"5",0.374725155028043,0.470351667116047,0.267710776344668,0.553199653469719,0.582075824361304,1,22.65
"6",0.377159722854306,0.492580355295068,0.272428607225744,0.562468107857432,0.59093758153658,2,77.4
