"","Split1","Split2","Split3","Split4","Split5","model","time"
"1",154.964697030495,140.980621326057,149.858606772226,155.292039901806,184.364569363078,"1",0
"2",154.26725160905,138.612487438881,145.876681063524,153.896949098556,181.443965353962,"2",6.64646600405375
"3",129.231607589978,120.104452108151,135.707578570498,122.865661542822,151.593898558298,"3",8.19166167259216
"4",145.645353978625,124.552702536067,146.912071973706,147.997991148391,165.035734897837,"4",11.578668773969
"5",159.451676915804,129.232943430208,134.263526462452,134.708962256695,169.535141464218,"5",14.9120491973559
"6",157.73775206741,132.270635304196,133.228515192373,134.130870438153,168.607053919405,"6",16.827842083772
