"","Split1","Split2","Split3","Split4","Split5","model","time"
"1",177.994936227452,147.936881354957,160.827783997908,180.953946381539,213.988359136088,0.001,0.251808393001556
"2",152.73271178223,129.272403317538,139.200151638504,148.204340024396,167.060562656842,0.01,0.975830143292745
"3",162.275345283002,127.033986615602,132.180231549985,127.149101300876,169.431313544971,0.1,7.63623995065689
"4",169.042850886445,130.715151115738,131.779700834809,138.511467759704,165.910955080594,0.25,21.5623768440882
"5",171.599331486008,131.896713111057,130.87447886303,133.43773389424,164.851055563001,0.5,45.0374883588155
"6",176.349428090392,133.519063425273,132.820049872994,135.002018656569,165.208171405848,1,95.4300189304352
