"","Split1","Split2","Split3","Split4","Split5","model","time"
"1",157.037318607061,139.959361472128,148.313829013714,160.483811427524,188.619633305814,"1",0.391843973000844
"2",152.708348491788,133.894504348594,141.846215623617,153.588202498264,180.691985723327,"2",0.985375639597575
"3",127.45801745452,114.689790147736,133.963414993763,132.675746532694,153.04647595537,"3",0.883264833291372
"4",137.890398635404,121.590613709548,134.12708047024,145.775742978775,154.893175800425,"4",1.30627036015193
"5",135.074656236215,118.136829825862,136.070457774999,142.141673221843,155.498500718099,"5",1.43891095002492
"6",137.23046535261,121.043095913849,134.872883163394,145.897385078126,154.336474796444,"6",1.53970587730408
