"","Split1","Split2","Split3","Split4","Split5","model","time"
"1",0.18345096854062,0.171506556886126,0.133575703961367,0.208240832825681,0.196657636653077,"1",0
"2",0.186394865254926,0.179520163407509,0.156226805915991,0.209382555553721,0.215270701189984,"2",6.64646600405375
"3",0.41605232131253,0.34167944767455,0.244786309988678,0.522908744330487,0.480258991988896,"3",8.19166167259216
"4",0.268524335462628,0.31218185017551,0.154729735286688,0.363439893768291,0.367619564145522,"4",11.578668773969
"5",0.152933564239536,0.273702427118723,0.292049770484586,0.415670850696845,0.314719576077998,"5",14.9120491973559
"6",0.168682777877068,0.266472897023258,0.297915434282494,0.415620587160411,0.317234273004761,"6",16.827842083772
