"","radius","correlation"
"1",16,0.118134100837829
"2",32,0.165661192227089
"3",65,0.261218465381425
"4",128,0.344027398895135
"5",256,0.432174821654165
"6",512,0.513901192293852
